Distance_interval,Confidence,Distance,Velocity,Length,Brightness,Contrast,Average_confidence,Confidence_deviation
0.2,,,,,,,0.3933241490274667,
0.3,0.1920842826366424,0.3050745006121496,0.8540603622804724,2394.167731285095,26.462601996527777,28.43079609733944,0.4582821182906628,-0.2661978356540204
0.4,0.156297966837883,0.4108593347273426,0.861838477381519,2447.1799240112305,26.19194118923611,28.399138008205515,0.3975702068209648,-0.24127223998308178
0.5,0.1146655902266502,0.5155770379242177,0.8539109468515309,2423.9078451395035,26.229823133680554,28.12834382066984,0.3519131708890199,-0.23724758066236973
0.6,0.1026640012860298,0.6193518651727157,0.8626279250776333,2185.0550327301025,26.182898220486116,27.6085501909724,0.2821859400719403,-0.1795219387859105
