Distance_interval,Confidence,Distance,Velocity,Length,Brightness,Contrast,Average_confidence,Confidence_deviation
0.3,0.113432191312313,0.3680206065611611,0.7341411239815094,2527.1210491657257,25.23962890625,25.173567999521484,0.4582821182906628,-0.3448499269783498
0.5,0.1124538034200668,0.5500175919455532,0.7333564945757124,3152.3729165792465,25.043603515625,24.966823344138295,0.3519131708890199,-0.2394593674689531
