Distance_interval,Confidence,Distance,Velocity,Length,Brightness,Contrast,Average_confidence,Confidence_deviation
0.2,0.4759366363286972,0.2593523262317453,0.45988404442185044,1504.6301099061966,29.77733344184028,24.362122245799988,0.3933241490274667,0.0826124873012305
0.3,0.3215132653713226,0.3451796194396259,0.4599205981568914,1548.253956913948,29.56349609375,24.257181042971027,0.4582821182906628,-0.1367688529193402
0.4,0.19146445393562317,0.43088631223550466,0.46211604476085194,1723.3199716806412,29.373490668402777,24.197561389580386,0.3975702068209648,-0.2061057528853416
0.5,0.156836450099945,0.5454128489418517,0.46630885144196155,1505.1204434037209,29.052176649305554,24.158451684262985,0.3519131708890199,-0.1950767207890749
0.6,0.1475249230861663,0.6612659901802175,0.4697274866653335,1714.1605913043022,28.77076226128472,24.21988949162005,0.2821859400719403,-0.134661016985774
0.7,0.1476780623197555,0.7506382045893603,0.4689268513762423,1744.7463775873184,28.687993706597226,24.30678378719349,0.2065390573193629,-0.0588609949996074
0.8,0.0657258480787277,0.8382306492819931,0.464963420252402,1612.9976401925087,28.539972330729167,24.204926077027288,0.2421119216084479,-0.17638607352972022
