Distance_interval,Confidence,Distance,Velocity,Length,Brightness,Contrast,Average_confidence,Confidence_deviation
0.2,0.4068030118942261,0.2156620860656728,1.035699690629167,14809.419722795486,102.81892469618056,85.97408487696147,0.3933241490274667,0.013478862866759367
0.3,0.3255205452442169,0.3487610862202825,1.0375826723515618,14439.373916625977,104.90946072048612,83.2793803689808,0.4582821182906628,-0.13276157304644587
0.5,,,,,,,0.3519131708890199,
0.8,0.2029956132173538,0.8920622877300273,1.0098288225499743,14289.606452822683,113.36780598958332,77.4319128886114,0.2421119216084479,-0.03911630839109412
0.9,,,,,,,0.2433718391507863,
1.3,,,,,,,0.2518187686800956,
1.9,,,,,,,0.289531805117925,
