Distance_interval,Confidence,Distance,Velocity,Length,Brightness,Contrast,Average_confidence,Confidence_deviation
0.2,0.316105306148529,0.2554894584897513,0.5043620651185764,6437.959035515785,25.27061740451389,34.91957907245118,0.3933241490274667,-0.07721884287893771
0.3,0.20607504993677134,0.34834446661518564,0.506166253774097,5535.382750451565,25.21347710503472,33.51775665986641,0.4582821182906628,-0.25220706835389145
0.4,0.1483553946018219,0.4409728921483746,0.5043952983050121,4927.021754384041,25.206525607638888,32.489925127961826,0.3975702068209648,-0.24921481221914288
0.5,0.12334661558270449,0.5350594862994023,0.51049530906935,4710.339032113552,25.360413953993053,31.14008220844765,0.3519131708890199,-0.22856655530631542
0.6,0.11456179618835446,0.6605168058026312,0.5096081496649004,4225.517140328884,25.40613226996528,29.46051169838228,0.2821859400719403,-0.16762414388358585
1.0,0.05780539661645885,1.0461092139935393,0.5033897281987196,2855.5424028635025,26.053563368055556,26.94208680042984,0.233265591263771,-0.17546019464731216
