Distance_interval,Confidence,Distance,Velocity,Length,Brightness,Contrast,Average_confidence,Confidence_deviation
0.2,0.2516477108001709,0.2596922001201136,0.6705819547660569,2470.427617430687,24.95490342881945,27.078764360426117,0.3933241490274667,-0.1416764382272958
0.3,0.2568320035934448,0.3401801841784642,0.6672821979695983,2415.013403058052,25.15043294270833,26.96625215593055,0.4582821182906628,-0.20145011469721796
0.4,0.2042625099420547,0.4202223121682022,0.6677459808745112,2569.9667212963104,25.354313151041666,26.90707398297814,0.3975702068209648,-0.19330769687891008
0.5,0.17877092957496635,0.54160114501101,0.6714969899222407,2413.765710711479,25.565723198784724,26.87981144038826,0.3519131708890199,-0.17314224131405356
0.6,0.1799624860286712,0.6624902670899318,0.674727918688937,2260.3687415122986,25.844476996527774,26.78680493232548,0.2821859400719403,-0.1022234540432691
0.7,0.1596099734306335,0.7426493409337322,0.671928322260415,2335.724080562592,26.034755859375,26.79631998413991,0.2065390573193629,-0.046929083888729406
0.8,0.1449337303638458,0.8237074360306362,0.6660800740306725,2247.724082350731,26.21108181423611,26.829672649054785,0.2421119216084479,-0.09717819124460211
0.9,0.0596014596521854,0.9481597521005176,0.666294542370067,2370.996158480644,26.4205615234375,26.808017910153097,0.2433718391507863,-0.18377037949860092
