Distance_interval,Confidence,Distance,Velocity,Length,Brightness,Contrast,Average_confidence,Confidence_deviation
0.2,0.2968580424785614,0.260744712806674,0.7772435243976898,29004.194772601128,103.89851888020831,84.22489014589718,0.3933241490274667,-0.0964661065489053
0.3,0.3000785708427429,0.3619321130340445,0.7765434968264565,28346.506392121315,105.76502712673611,82.42272510201998,0.4582821182906628,-0.15820354744791987
0.4,0.2840791940689087,0.4647202096388922,0.7798680819302427,27134.176326036453,108.00675889756944,81.1733972987277,0.3975702068209648,-0.11349101275205609
1.9,0.2203424572944641,1.999992690884121,0.0001160177123633,25274.93334555626,118.33032986111112,82.85952521463354,0.289531805117925,-0.06918934782346087
